id,uuid
1,cc119d35-0458-4d92-b552-4ce9e7212db3
2,e885886d-f097-4bf6-9a6d-26d94527ab56
3,9454bf3a-6606-4295-86ba-77120a0cad82
4,854e6fda-b008-48b5-badb-a4f8c98a1579
5,021cc4fb-ffc9-4b9f-a1a9-ab368f01959e
6,a5880a84-96fe-4de1-be75-dd0d2263db07
7,0bfe5e00-c141-4804-b48d-b4ae03665a4e
8,7898c6b8-4b92-421c-afac-c63eb371dddd
9,4bb7c8cb-e259-4624-a14c-f49c9bdc06f1
10,c3792283-a57a-4676-9191-5aa9dd07bc12
11,a1c0ecf3-cc7a-4d88-9c12-28d12fe5e702
12,a94f8903-5c2d-4a0c-a0c1-d9e9d6df39d9
13,a6863d5f-fbe5-425d-80bf-8897622573a3
14,3a9b4ca0-1f35-42f5-b6ea-e4687a4573af
15,f269f73c-a653-4c5f-9eb9-ef28fdd78e0e
16,a955ed64-0c93-4600-baa7-3aa6364ddc27
17,7a17128a-d0a2-49df-b693-c2c585f660bc
18,6f32e0ba-b8ef-4337-a9e5-cfc69ec549cb
19,8f989804-7037-4a79-9956-532c89d6d148
20,f51bbb37-79f0-4a0f-bdde-bc5151edaf94
21,26449982-e8ef-4836-af8c-70288ee48e96
22,508ec932-f7ac-4538-a588-632d43884a12
23,34b83a82-a5f1-4d66-8784-0e31e949c115
24,5428965d-bfa5-48cd-99ce-b51bd0514f06
25,e93f1305-384f-42b8-b87a-685d3e5fa20d
26,716a2982-41db-4e7a-b00c-d73c532602f6
27,229b0650-dbf2-44ea-a596-fa84a82904ff
28,3e9f3ffa-62ac-4e2c-a973-2906359333ce
29,9dc3db9b-2697-44f9-9360-0e0ce1314615
30,7f9eec9c-ea75-4fa9-8dc3-8848a02e20cc
31,173add42-3a52-4c75-a08f-662821e713db
32,a77da7e3-7c76-46b2-af53-81571fab5564
33,43da4629-94bd-4edd-874e-e99bc7e9cbd6
34,3f16c51a-96f4-4c6e-98c5-4c97077b9b33
35,3b2fa029-df3d-4fb7-95ab-3921d895c17b
36,573c2942-5f5a-4e55-a702-4f867a8bf5e4
37,5e365959-3c21-41c0-8bf5-ff3cf6ced290
38,888e5e42-3b28-46f1-8606-5d4340e818cb
39,80410dc9-1fa9-46c1-b9dd-80ab59d792b5
40,e48bb353-7755-4064-934b-490b5376c049
41,cbbe25b6-d603-4109-8920-1d11343f6e94
42,bfbf7ab2-1149-4c25-808b-c5c62d0b42a6
43,2ec49ddf-9bac-48de-a687-f7c8cf20af91
44,d553dd1a-f85a-4018-bc78-698460bb2300
45,66a14cd4-25d5-40fe-bfb8-2fab03ba17e0
46,3cc43d4c-5313-4fe9-8d88-13b8c8b85415
47,1deb0bfb-e9d0-49a9-a1d3-96e0bfc1394b
48,4ea33938-f747-4086-8137-f0e9a47d7c3d
49,d1222a19-0481-4d8b-bc5f-2b9982f76644
50,70b5c50d-0460-4c98-8c2a-1f7890d2b2c6
51,4ce6b055-061e-4e5c-bd39-ca13d39a3beb
52,a83297e0-5328-4a4e-af55-2f9f7f4f2b78
53,cdc7e0d9-55b3-4dc3-91ec-89916e0f79af
54,eea27463-9b4a-48d3-93b7-922a8db9d8cf
55,fb100f03-e32b-4d78-841f-6bbfef2f6582
56,1b459a0d-d6d3-4266-8d40-95975b2c20a7
57,532ddd38-a5f3-40fa-ad67-fb3538f6d16f
58,0abddc1f-8306-4481-8bb1-77effb895b0d
59,bb9c9e9f-5a03-407a-a31a-eed268834866
60,f352dcf7-75bb-4efe-98c5-b67a9d7a772f
61,88e1927c-c62b-4c26-8adf-86bdd16e83ab
62,9c98c5fe-20a8-4cee-8746-328e2a85cbd4
63,c2fcf70d-5555-4527-8967-dc0834c1419a
64,d0729148-b8bc-4023-8a1e-32222af72ce6
65,b17dc69c-b4e2-49b0-9794-36ac178ad5d7
66,32d71316-8448-457f-b9d0-30f27e3d85de
67,95be191c-a0bb-4417-badb-c551a1fd3969
68,0529d47d-9ab9-4d71-850c-481f346f541c
69,4bfdc262-1507-47ef-b790-1b737285cccb
70,6161a639-0503-4d96-958b-4fae8ed664c5
71,ce301430-ec3b-4c10-b31c-9f911719be75
72,6817a25f-80f6-4b11-b70b-5af2ca820818
73,c90a3f10-b63f-4912-906b-42f1bdefe508
74,b2a6a535-2837-4304-b3ee-bd3794810ada
75,baacdaab-45f1-425d-891d-cb3ef8b9b024
76,84c31047-0c22-4a57-b832-b27c69198ec5
77,a171998a-c5b4-49e5-90a2-ada1f456ae6b
78,699d611a-bc0b-4984-86ce-050d396843ff
79,5bf3d892-b888-4972-95ad-bc51130f8bc8
80,20c84c32-62e2-43f5-86b5-34d4c8930ea0
81,52e6d1a9-1d5e-4c39-9f82-619c73e2dfdf
82,000d4d8f-1913-46c9-abbc-05e65941d583
83,856fde96-5483-4652-b762-ec12e948e27e
84,05742ebf-d715-4c35-9009-ac20dd7fa79c
85,c186203a-d7cc-41c4-bb65-606625321f39
86,d3ff7815-df84-4f05-8e57-c7c9f336e272
87,5b80109b-d874-4cd5-b085-307db90573e6
88,acf41707-8533-40a0-b96e-eb252a355037
89,c96f818a-ec98-462a-8048-70d2068825cf
90,c0412b44-8840-4e7d-9486-0df593ee854f
91,c20654b3-1330-4af4-af5b-c65098e4535f
92,ad5e1d29-2fd1-45e6-a95c-ab3eefbf9fb7
93,639ec460-321c-43db-8f70-dee8f9946584
94,6736c038-9ef8-4183-9111-9439b812c5e1
95,532ea484-2e1e-40ab-a214-95bbb348aeb4
96,9c2b7149-2cb0-454a-8cf3-7ae33febff77
97,a92cf385-73b6-44b6-a83d-288a716cdf39
98,01b33ac0-488e-424b-ad61-1b887dfbd1e4
99,8f8f6396-9b04-4882-a22d-6eac9a0c820e
100,30872465-ec92-457d-a36d-0d78a08ee05d
